{"nodes": [{"from": 0, "to": 4}, {"from": 0, "to": 28}, {"from": 0, "to": 41}, {"from": 28, "to": 15}, {"from": 41, "to": 39}, {"from": 41, "to": 10}, {"from": 4, "to": 25}, {"from": 10, "to": 36}, {"from": 0, "to": 46}, {"from": 25, "to": 24}, {"from": 0, "to": 9}, {"from": 9, "to": 23}, {"from": 9, "to": 3}, {"from": 3, "to": 47}, {"from": 36, "to": 2}, {"from": 10, "to": 16}, {"from": 36, "to": 34}, {"from": 16, "to": 30}, {"from": 36, "to": 33}, {"from": 36, "to": 40}, {"from": 47, "to": 44}, {"from": 36, "to": 22}, {"from": 41, "to": 8}, {"from": 28, "to": 37}, {"from": 16, "to": 35}, {"from": 36, "to": 43}, {"from": 22, "to": 13}, {"from": 15, "to": 42}, {"from": 10, "to": 14}, {"from": 16, "to": 17}, {"from": 22, "to": 7}, {"from": 41, "to": 48}, {"from": 22, "to": 12}, {"from": 44, "to": 49}, {"from": 14, "to": 31}, {"from": 10, "to": 32}]}