{
    "locationData": [{
        "location": "100 AM",
        "lat": "1.274913",
        "lng": "103.843614",
        "population":0
    },
    {
        "location": "313@Somerset",
        "lat": "1.301013",
        "lng": "103.83854","population":0
    },
    {
        "location": "321 Clementi",
        "lat": "1.316578",
        "lng": "103.766386","population":0
    },
    {
        "location": "888 Plaza",
        "lat": "1.43781",
        "lng": "103.795316","population":0
    },
    {
        "location": "Admiralty Place",
        "lat": "1.439698",
        "lng": "103.801841","population":0
    },
    {
        "location": "Alexandra Central",
        "lat": "1.287526",
        "lng": "103.805291","population":0
    },
    {
        "location": "Alexandra Retail Centre",
        "lat": "1.273893",
        "lng": "103.801456","population":0
    },
    {
        "location": "AMK Hub",
        "lat": "1.369435",
        "lng": "103.848334","population":0
    },
    {
        "location": "Anchorpoint",
        "lat": "1.288675",
        "lng": "103.805095","population":0
    },
    {
        "location": "Aperia",
        "lat": "1.310341",
        "lng": "103.864027","population":0
    },
    {
        "location": "Balestier Hill Shopping Centre",
        "lat": "1.325442",
        "lng": "103.842521","population":0
    },
    {
        "location": "Beauty World Centre",
        "lat": "1.3423624",
        "lng": "103.7764855","population":0
    },
    {
        "location": "Beauty World Plaza",
        "lat": "1.34183",
        "lng": "103.776278","population":0
    },
    {
        "location": "Bedok Mall",
        "lat": "1.32488",
        "lng": "103.9292396","population":0
    },
    {
        "location": "Bedok Point",
        "lat": "1.3247574",
        "lng": "103.9323895","population":0
    },
    {
        "location": "Big Box",
        "lat": "1.3322794",
        "lng": "103.7457493","population":0
    },
    {
        "location": "Boon Lay Shopping Centre",
        "lat": "1.3463367",
        "lng": "103.7127614","population":0
    },
    {
        "location": "Buangkok Square",
        "lat": "1.3838388",
        "lng": "103.8819622","population":0
    },
    {
        "location": "Bugis Cube",
        "lat": "1.2982756",
        "lng": "103.8555546","population":0
    },
    {
        "location": "Bugis Junction",
        "lat": "1.2989008",
        "lng": "103.855176","population":0
    },
    {
        "location": "Bugis+",
        "lat": "1.2999533",
        "lng": "103.8552781","population":0
    },
    {
        "location": "Bukit Panjang Plaza",
        "lat": "1.378655",
        "lng": "103.7620908","population":0
    },
    {
        "location": "Bukit Timah Plaza",
        "lat": "1.3384959",
        "lng": "103.7785106","population":0
    },
    {
        "location": "Canberra Plaza",
        "lat": "1.4432209",
        "lng": "103.8305821","population":0
    },
    {
        "location": "Capitol Piazza",
        "lat": "1.2930198",
        "lng": "103.8509811","population":0
    },
    {
        "location": "Cathay Cineleisure Orchard",
        "lat": "1.3014468",
        "lng": "103.8364807","population":0
    },
    {
        "location": "Causeway Point",
        "lat": "1.4361009",
        "lng": "103.7860949","population":0
    },
    {
        "location": "Century Square",
        "lat": "1.3523775",
        "lng": "103.9438195","population":0
    },
    {
        "location": "Changi Airport",
        "lat": "1.3575573",
        "lng": "103.9884703","population":0
    },
    {
        "location": "Changi City Point",
        "lat": "1.334113",
        "lng": "103.9627137","population":0
    },
    {
        "location": "City Gate Mall",
        "lat": "1.3023204",
        "lng": "103.8622868","population":0
    },
    {
        "location": "City Plaza",
        "lat": "1.3147175",
        "lng": "103.8934143","population":0
    },
    {
        "location": "City Square Mall",
        "lat": "1.3112429",
        "lng": "103.8565772","population":0
    },
    {
        "location": "CityLink Mall",
        "lat": "1.2921921",
        "lng": "103.8545358","population":0
    },
    {
        "location": "Clarke Quay Central",
        "lat": "1.2889569",
        "lng": "103.8464961","population":0
    },
    {
        "location": "Compass One",
        "lat": "1.3920337",
        "lng": "103.8949527","population":0
    },
    {
        "location": "Djitsun Mall",
        "lat": "1.3728879",
        "lng": "103.8476187","population":0
    },
    {
        "location": "Djitsun Mall Bedok",
        "lat": "1.3260744",
        "lng": "103.9295754","population":0
    },
    {
        "location": "Downtown East",
        "lat": "1.3773722",
        "lng": "103.954648","population":0
    },
    {
        "location": "East Village",
        "lat": "1.3316644",
        "lng": "103.9462908","population":0
    },
    {
        "location": "Eastpoint Mall",
        "lat": "1.3424679",
        "lng": "103.9528535","population":0
    },
    {
        "location": "Elias Mall",
        "lat": "1.3785553",
        "lng": "103.9420134","population":0
    },
    {
        "location": "Fairprice Hub",
        "lat": "1.3255324",
        "lng": "103.6784394","population":0
    },
    {
        "location": "Fajar Shopping Centre",
        "lat": "1.3834498",
        "lng": "103.7710942","population":0
    },
    {
        "location": "Far East Plaza",
        "lat": "1.3071429",
        "lng": "103.8336405","population":0
    },
    {
        "location": "Funan",
        "lat": "1.291313",
        "lng": "103.8499471","population":0
    },
    {
        "location": "Gek Poh Shopping Centre",
        "lat": "1.349176",
        "lng": "103.6975195","population":0
    },
    {
        "location": "Great World City",
        "lat": "1.2934518",
        "lng": "103.8319929","population":0
    },
    {
        "location": "Greenridge Shopping Centre",
        "lat": "1.3853791",
        "lng": "103.7661902","population":0
    },
    {
        "location": "Greenwich V",
        "lat": "1.3875009",
        "lng": "103.8693942","population":0
    },
    {
        "location": "GR.ID",
        "lat": "1.3000836",
        "lng": "103.8492948","population":0
    },
    {
        "location": "HarbourFront Centre",
        "lat": "1.2642217",
        "lng": "103.8202454","population":0
    },
    {
        "location": "HDB Hub",
        "lat": "1.3319765",
        "lng": "103.8485384","population":0
    },
    {
        "location": "Heartland Mall",
        "lat": "1.3596301",
        "lng": "103.8852259","population":0
    },
    {
        "location": "Hillion Mall",
        "lat": "1.3785082",
        "lng": "103.7633212","population":0
    },
    {
        "location": "HillV2",
        "lat": "1.3629674",
        "lng": "103.7644875","population":0
    },
    {
        "location": "Hougang 1",
        "lat": "1.375719",
        "lng": "103.8794915","population":0
    },
    {
        "location": "Hougang Green Shopping Mall",
        "lat": "1.3791215",
        "lng": "103.8878419","population":0
    },
    {
        "location": "Hougang Mall",
        "lat": "1.3725735",
        "lng": "103.8937879","population":0
    },
    {
        "location": "i12 Katong",
        "lat": "1.3052327",
        "lng": "103.9050524","population":0
    },
    {
        "location": "IMM",
        "lat": "1.334611",
        "lng": "103.7467494","population":0
    },
    {
        "location": "ION Orchard",
        "lat": "1.3039479",
        "lng": "103.8319051","population":0
    },
    {
        "location": "JCube",
        "lat": "1.3332998",
        "lng": "103.7401593","population":0
    },
    {
        "location": "Jem",
        "lat": "1.3332962",
        "lng": "103.7433912","population":0
    },
    {
        "location": "Jewel Changi Airport",
        "lat": "1.3602242",
        "lng": "103.9896749","population":0
    },
    {
        "location": "Jubilee Square",
        "lat": "1.3718136",
        "lng": "103.8477532","population":0
    },
    {
        "location": "Junction 10",
        "lat": "1.3803675",
        "lng": "103.7601674","population":0
    },
    {
        "location": "Junction 8",
        "lat": "1.3505893",
        "lng": "103.8487447","population":0
    },
    {
        "location": "Junction 9",
        "lat": "1.2904753",
        "lng": "103.8520359","population":0
    },
    {
        "location": "Jurong Point",
        "lat": "1.3394964",
        "lng": "103.705254","population":0
    },
    {
        "location": "Kallang Wave Mall",
        "lat": "1.3035107",
        "lng": "103.8727917","population":0
    },
    {
        "location": "Katong Shopping Centre",
        "lat": "1.3038779",
        "lng": "103.9011731","population":0
    },
    {
        "location": "Katong Square",
        "lat": "1.3047036",
        "lng": "103.9048008","population":0
    },
    {
        "location": "Katong V",
        "lat": "1.3031334",
        "lng": "103.9032312","population":0
    },
    {
        "location": "Keat Hong Shopping Centre",
        "lat": "1.3773319",
        "lng": "103.7444165","population":0
    },
    {
        "location": "KINEX",
        "lat": "1.3147639",
        "lng": "103.894707","population":0
    },
    {
        "location": "Knightsbridge",
        "lat": "1.3032346",
        "lng": "103.8363241","population":0
    },
    {
        "location": "Leisure Park Kallang",
        "lat": "1.3022347",
        "lng": "103.8765544","population":0
    },
    {
        "location": "Liat Towers",
        "lat": "1.3050783",
        "lng": "103.8307259","population":0
    },
    {
        "location": "Limbang Shopping Centre",
        "lat": "1.3919423",
        "lng": "103.7433051","population":0
    },
    {
        "location": "Lot One",
        "lat": "1.3850567",
        "lng": "103.7450277","population":0
    },
    {
        "location": "Loyang Point",
        "lat": "1.3669647",
        "lng": "103.9646487","population":0
    },
    {
        "location": "Lucky Plaza",
        "lat": "1.3046029",
        "lng": "103.8339122","population":0
    },
    {
        "location": "Marina Bay Financial Centre Tower 3",
        "lat": "1.2789573",
        "lng": "103.8544488","population":0
    },
    {
        "location": "Marina Bay Link Mall",
        "lat": "1.2808361",
        "lng": "103.8539888","population":0
    },
    {
        "location": "Marina Bay Sands",
        "lat": "1.2836965",
        "lng": "103.8607226","population":0
    },
    {
        "location": "Marina One",
        "lat": "1.2772586",
        "lng": "103.8529596","population":0
    },
    {
        "location": "Marina Square",
        "lat": "1.2912739",
        "lng": "103.8571836","population":0
    },
    {
        "location": "Marsiling Mall",
        "lat": "1.4332503",
        "lng": "103.780787","population":0
    },
    {
        "location": "Midpoint Orchard",
        "lat": "1.3017143",
        "lng": "103.8386311","population":0
    },
    {
        "location": "Millenia Walk",
        "lat": "1.292471",
        "lng": "103.8596399","population":0
    },
    {
        "location": "Mustafa Shopping Centre",
        "lat": "1.3101174",
        "lng": "103.8553229","population":0
    },
    {
        "location": "myVillage At Serangoon Garden",
        "lat": "1.3651222",
        "lng": "103.8650484","population":0
    },
    {
        "location": "NEX",
        "lat": "1.3504507",
        "lng": "103.8722447","population":0
    },
    {
        "location": "Ngee Ann City",
        "lat": "1.302617",
        "lng": "103.8345284","population":0
    },
    {
        "location": "Northpoint City",
        "lat": "1.4282062",
        "lng": "103.836264","population":0
    },
    {
        "location": "Oasis Terraces",
        "lat": "1.4028263",
        "lng": "103.913229","population":0
    },
    {
        "location": "OD Mall",
        "lat": "1.3351056",
        "lng": "103.7944923","population":0
    },
    {
        "location": "Orchard Central",
        "lat": "1.3008042",
        "lng": "103.839819","population":0
    },
    {
        "location": "Orchard Gateway",
        "lat": "1.3014214",
        "lng": "103.8389049","population":0
    },
    {
        "location": "Orchard Plaza",
        "lat": "1.3013398",
        "lng": "103.8411567","population":0
    },
    {
        "location": "Orchard Shopping Centre",
        "lat": "1.3014771",
        "lng": "103.8378934","population":0
    },
    {
        "location": "Our Tampines Hub",
        "lat": "1.3530262",
        "lng": "103.9406755","population":0
    },
    {
        "location": "Palais Renaissance",
        "lat": "1.28967",
        "lng": "103.85007","population":0
    },
    {
        "location": "Paragon",
        "lat": "1.3037371",
        "lng": "103.8355203","population":0
    },
    {
        "location": "Parkway Parade",
        "lat": "1.3013733",
        "lng": "103.9051778","population":0
    },
    {
        "location": "Paya Lebar Quarter (PLQ)",
        "lat": "1.3175858",
        "lng": "103.892854","population":0
    },
    {
        "location": "People's Park Centre",
        "lat": "1.285942",
        "lng": "103.8442264","population":0
    },
    {
        "location": "People's Park Complex",
        "lat": "1.2841387",
        "lng": "103.842557","population":0
    },
    {
        "location": "Pioneer Mall",
        "lat": "1.3416979",
        "lng": "103.6971606","population":0
    },
    {
        "location": "Plaza Singapura",
        "lat": "1.3004414",
        "lng": "103.8449028","population":0
    },
    {
        "location": "Punggol Plaza",
        "lat": "1.399168",
        "lng": "103.9024984","population":0
    },
    {
        "location": "Queensway Shopping Centre",
        "lat": "1.2875059",
        "lng": "103.8035435,0","population":0
    },
    {
        "location": "Raffles City",
        "lat": "1.2938762",
        "lng": "103.8532616","population":0
    },
    {
        "location": "Rail Mall",
        "lat": "1.3601778",
        "lng": "103.7675449","population":0
    },
    {
        "location": "Rivervale Mall",
        "lat": "1.3922451",
        "lng": "103.9043778","population":0
    },
    {
        "location": "Rivervale Plaza",
        "lat": "1.3853753",
        "lng": "103.9018221","population":0
    },
    {
        "location": "Rochester Mall",
        "lat": "1.3056577",
        "lng": "103.7880838","population":0
    },
    {
        "location": "Roxy Square",
        "lat": "1.3033419",
        "lng": "103.9046459","population":0
    },
    {
        "location": "Scotts Square",
        "lat": "1.3058344",
        "lng": "103.8329333","population":0
    },
    {
        "location": "Sembawang Shopping Centre",
        "lat": "1.4417425",
        "lng": "103.8248753","population":0
    },
    {
        "location": "Serangoon Plaza",
        "lat": "1.3109014",
        "lng": "103.8548135","population":0
    },
    {
        "location": "Shaw House and Centre",
        "lat": "1.3058298",
        "lng": "103.831526","population":0
    },
    {
        "location": "Sim Lim Square",
        "lat": "1.3030332",
        "lng": "103.8530255","population":0
    },
    {
        "location": "Singapore Post Centre (SingpostCentre)",
        "lat": "1.3189532",
        "lng": "103.8947901","population":0
    },
    {
        "location": "Singapore Shopping Centre",
        "lat": "1.2981147",
        "lng": "103.8441112","population":0
    },
    {
        "location": "Square 2",
        "lat": "1.3206362",
        "lng": "103.8441867","population":0
    },
    {
        "location": "Sun Plaza",
        "lat": "1.4480986",
        "lng": "103.8190191","population":0
    },
    {
        "location": "Sunshine Place",
        "lat": "1.3777695",
        "lng": "103.7386492","population":0
    },
    {
        "location": "Sunshine Plaza",
        "lat": "1.3003526",
        "lng": "103.8509473","population":0
    },
    {
        "location": "Suntec City",
        "lat": "1.2951505",
        "lng": "103.8598741","population":0
    },
    {
        "location": "Taman Jurong Shopping Centre",
        "lat": "1.3347863",
        "lng": "103.7201085","population":0
    },
    {
        "location": "Tampines 1",
        "lat": "1.35422",
        "lng": "103.9451247","population":0
    },
    {
        "location": "Tampines Mall",
        "lat": "1.3525434",
        "lng": "103.9447383","population":0
    },
    {
        "location": "Tanglin Mall",
        "lat": "1.3048201",
        "lng": "103.8238677","population":0
    },
    {
        "location": "Tang Plaza",
        "lat": "1.305109",
        "lng": "103.8328767","population":0
    },
    {
        "location": "Tanjong Pagar Centre",
        "lat": "1.2766057",
        "lng": "103.8457793","population":0
    },
    {
        "location": "Teck Whye Shopping Centre",
        "lat": "1.3807832",
        "lng": "103.7524705","population":0
    },
    {
        "location": "Tekka Centre",
        "lat": "1.3061832",
        "lng": "103.8505875","population":0
    },
    {
        "location": "The Centrepoint",
        "lat": "1.3018345",
        "lng": "103.8397127","population":0
    },
    {
        "location": "The Clementi Mall",
        "lat": "1.3150286",
        "lng": "103.7644982","population":0
    },
    {
        "location": "The Flow",
        "lat": "1.3045554",
        "lng": "103.9042659","population":0
    },
    {
        "location": "The Midtown",
        "lat": "1.370386",
        "lng": "103.8953238","population":0
    },
    {
        "location": "The Seletar Mall",
        "lat": "1.3917727",
        "lng": "103.8760148","population":0
    },
    {
        "location": "The Shoppes at Marina Bay Sands",
        "lat": "1.2840175",
        "lng": "103.8587997","population":0
    },
    {
        "location": "The Star Vista",
        "lat": "1.3068312",
        "lng": "103.7884268","population":0
    },
    {
        "location": "Thomson Plaza",
        "lat": "1.3546534",
        "lng": "103.831073","population":0
    },
    {
        "location": "Tiong Bahru Plaza",
        "lat": "1.2863599",
        "lng": "103.827333","population":0
    },
    {
        "location": "United Square",
        "lat": "1.317258",
        "lng": "103.8436009","population":0
    },
    {
        "location": "Upper Serangoon Shopping Centre",
        "lat": "1.3536587",
        "lng": "103.8788228","population":0
    },
    {
        "location": "Velocity@Novena Square",
        "lat": "1.3197981",
        "lng": "103.8440434","population":0
    },
    {
        "location": "Vista Point",
        "lat": "1.4307324",
        "lng": "103.7940437","population":0
    },
    {
        "location": "VivoCity",
        "lat": "1.2643707",
        "lng": "103.8229537","population":0
    },
    {
        "location": "Waterway Point",
        "lat": "1.4066031",
        "lng": "103.9020707","population":0
    },
    {
        "location": "West Coast Plaza",
        "lat": "1.303478",
        "lng": "103.7658546","population":0
    },
    {
        "location": "West Mall",
        "lat": "1.3500765",
        "lng": "103.7492566","population":0
    },
    {
        "location": "Westgate",
        "lat": "1.334194",
        "lng": "103.7428671","population":0
    },
    {
        "location": "Wheelock Place",
        "lat": "1.3046691",
        "lng": "103.8306003","population":0
    },
    {
        "location": "White Sands",
        "lat": "1.3723844",
        "lng": "103.9497206","population":0
    },
    {
        "location": "Wisma Atria",
        "lat": "1.3036967",
        "lng": "103.8332876","population":0
    },
    {
        "location": "Wisteria Mall",
        "lat": "1.4182429",
        "lng": "103.8412529","population":0
    },
    {
        "location": "Woodlands Civic Centre",
        "lat": "1.4350299",
        "lng": "103.7869088","population":0
    },
    {
        "location": "Woodlands Mart",
        "lat": "1.4456569",
        "lng": "103.798172","population":0
    },
    {
        "location": "Woodlands North Plaza",
        "lat": "1.44288",
        "lng": "103.7908639","population":0
    },
    {
        "location": "YewTee Point",
        "lat": "1.3969577",
        "lng": "103.7466122","population":0
    },
    {
        "location": "Yew Tee Shopping Centre",
        "lat": "1.3974608",
        "lng": "103.7474009","population":0
    },
    {
        "location": "Yew Tee Square",
        "lat": "1.3982858",
        "lng": "103.7470082","population":0
    },
    {
        "location": "Zhongshan Mall",
        "lat": "1.3271544",
        "lng": "103.8464917","population":0
    }
]
}