{"nodes": [{"id": "Susan Alvarado", "group": "closeWarning", "x": 571, "y": 26}, {"id": "Anna Finch", "group": "locationWarning", "x": -506, "y": 262}, {"id": "Agnes Holzman", "group": "locationWarning", "x": -703, "y": 302}, {"id": "Larry Rowan", "group": "locationWarning", "x": -401, "y": -277}, {"id": "Gary Brady", "group": "closeWarning", "x": 638, "y": -310}, {"id": "Robin Gutoski", "group": "locationWarning", "x": -599, "y": 22}, {"id": "Ronald Daughtridge", "group": "covid", "x": -250, "y": 108}, {"id": "Paula Smith", "group": "closeWarning", "x": 485, "y": -43}, {"id": "Suzanne Mcknight", "group": "locationWarning", "x": -584, "y": 226}, {"id": "Catherine Leonard", "group": "locationWarning", "x": -589, "y": 243}, {"id": "John Pickens", "group": "closeWarning", "x": 509, "y": -290}, {"id": "Michael Aponte", "group": "locationWarning", "x": -401, "y": 43}, {"id": "Janet Hall", "group": "locationWarning", "x": -692, "y": 350}, {"id": "Cynthia Warren", "group": "locationWarning", "x": -392, "y": -283}, {"id": "Alice Appel", "group": "locationWarning", "x": -703, "y": 324}, {"id": "Tammie Young", "group": "locationWarning", "x": -512, "y": -318}, {"id": "Bonnie Krueger", "group": "closeWarning", "x": 545, "y": 221}, {"id": "Derrick Pugmire", "group": "closeWarning", "x": 726, "y": -226}, {"id": "Darrell Irish", "group": "locationWarning", "x": -749, "y": -46}, {"id": "Anthony Wiederwax", "group": "locationWarning", "x": -683, "y": 105}, {"id": "Kent Berrios", "group": "locationWarning", "x": -719, "y": 175}, {"id": "Reginald Cline", "group": "locationWarning", "x": -716, "y": -45}, {"id": "Melissa Runnels", "group": "closeWarning", "x": 617, "y": -172}, {"id": "Robert Davis", "group": "locationWarning", "x": -649, "y": -13}, {"id": "Reginald Berry", "group": "locationWarning", "x": -627, "y": 181}, {"id": "Carol Mcbride", "group": "locationWarning", "x": -674, "y": 175}, {"id": "Peggy Furrow", "group": "closeWarning", "x": 387, "y": 98}, {"id": "Christopher Grogan", "group": "locationWarning", "x": -434, "y": -10}, {"id": "Susan Pacheco", "group": "locationWarning", "x": -748, "y": -238}, {"id": "Rae Williams", "group": "locationWarning", "x": -689, "y": -162}, {"id": "Irene Smith", "group": "closeWarning", "x": 692, "y": -279}, {"id": "Norma Thompson", "group": "closeWarning", "x": 514, "y": -301}, {"id": "Lillian Caldera", "group": "locationWarning", "x": -578, "y": -200}, {"id": "Jeremy Decker", "group": "covid", "x": -160, "y": 31}, {"id": "Jean Watkins", "group": "locationWarning", "x": -717, "y": -164}, {"id": "Cruz Nilsen", "group": "closeWarning", "x": 587, "y": 293}, {"id": "Wilton Parker", "group": "locationWarning", "x": -518, "y": -40}, {"id": "Imogene Osgood", "group": "locationWarning", "x": -405, "y": -87}, {"id": "Patricia Hamby", "group": "closeWarning", "x": 379, "y": 108}, {"id": "Lisa Hinson", "group": "closeWarning", "x": 477, "y": -34}, {"id": "David Wood", "group": "closeWarning", "x": 679, "y": -282}, {"id": "Gary Morris", "group": "locationWarning", "x": -376, "y": 322}, {"id": "Joseph Skimehorn", "group": "locationWarning", "x": -384, "y": -106}, {"id": "Long Dever", "group": "locationWarning", "x": -662, "y": 13}, {"id": "Andre Golden", "group": "closeWarning", "x": 460, "y": -268}, {"id": "Brandon Fox", "group": "closeWarning", "x": 693, "y": 96}, {"id": "Judith Tran", "group": "closeWarning", "x": 729, "y": -6}, {"id": "Theresa Jones", "group": "closeWarning", "x": 469, "y": -211}, {"id": "Sharon Tan", "group": "closeWarning", "x": 522, "y": -149}, {"id": "Betty Takaki", "group": "closeWarning", "x": 564, "y": -123}, {"id": "Rene Mangan", "group": "closeWarning", "x": 638, "y": -154}, {"id": "Joshua Quon", "group": "locationWarning", "x": -442, "y": -265}, {"id": "George Sumner", "group": "locationWarning", "x": -624, "y": 349}, {"id": "Gerald Harris", "group": "locationWarning", "x": -704, "y": -314}, {"id": "David Morris", "group": "locationWarning", "x": -557, "y": -167}, {"id": "Rachel Wesley", "group": "closeWarning", "x": 620, "y": -281}, {"id": "Donald Foster", "group": "locationWarning", "x": -488, "y": -114}, {"id": "Robert Seamon", "group": "locationWarning", "x": -355, "y": -94}, {"id": "Keri Sudduth", "group": "locationWarning", "x": -665, "y": 189}, {"id": "Frank Fain", "group": "closeWarning", "x": 535, "y": -7}, {"id": "Stanley Nesbitt", "group": "locationWarning", "x": -392, "y": -213}, {"id": "Edward Maybury", "group": "locationWarning", "x": -608, "y": 170}, {"id": "Michael Clark", "group": "locationWarning", "x": -730, "y": 261}, {"id": "Linda Dominguez", "group": "locationWarning", "x": -673, "y": -248}, {"id": "Nichole Davis", "group": "closeWarning", "x": 351, "y": -265}, {"id": "Tommie Robinson", "group": "locationWarning", "x": -675, "y": -9}, {"id": "Alice Heming", "group": "locationWarning", "x": -514, "y": -289}, {"id": "Amber Vanness", "group": "closeWarning", "x": 711, "y": 332}, {"id": "Donna Godbolt", "group": "closeWarning", "x": 613, "y": 295}, {"id": "Charles Murry", "group": "locationWarning", "x": -554, "y": 266}, {"id": "Lisa Collins", "group": "locationWarning", "x": -474, "y": -319}], "edges": [{"from": "Gary Brady", "to": "Peggy Furrow"}, {"from": "Gary Brady", "to": "Jeremy Decker"}, {"from": "Gary Brady", "to": "Bonnie Krueger"}, {"from": "Gary Brady", "to": "Judith Tran"}, {"from": "Gary Brady", "to": "Susan Alvarado"}, {"from": "Gary Brady", "to": "Sharon Tan"}, {"from": "Gary Brady", "to": "Bonnie Krueger"}, {"from": "Gary Brady", "to": "Rene Mangan"}, {"from": "Gary Brady", "to": "Rachel Wesley"}, {"from": "Gary Brady", "to": "David Wood"}, {"from": "Jeremy Decker", "to": "Patricia Hamby"}, {"from": "Jeremy Decker", "to": "Lisa Hinson"}, {"from": "Jeremy Decker", "to": "Nichole Davis"}, {"from": "Jeremy Decker", "to": "Norma Thompson"}, {"from": "Jeremy Decker", "to": "Frank Fain"}, {"from": "Jeremy Decker", "to": "Melissa Runnels"}, {"from": "Jeremy Decker", "to": "David Wood"}, {"from": "Jeremy Decker", "to": "Paula Smith"}, {"from": "Jeremy Decker", "to": "Andre Golden"}, {"from": "Jeremy Decker", "to": "Derrick Pugmire"}, {"from": "Jeremy Decker", "to": "David Wood"}, {"from": "Jeremy Decker", "to": "Gary Brady"}, {"from": "Jeremy Decker", "to": "Gary Brady"}, {"from": "Jeremy Decker", "to": "Irene Smith"}, {"from": "Jeremy Decker", "to": "Bonnie Krueger"}, {"from": "Jeremy Decker", "to": "Betty Takaki"}, {"from": "Jeremy Decker", "to": "Betty Takaki"}, {"from": "Jeremy Decker", "to": "Amber Vanness"}, {"from": "Gary Brady", "to": "Jeremy Decker"}, {"from": "Ronald Daughtridge", "to": "Brandon Fox"}, {"from": "Ronald Daughtridge", "to": "Cruz Nilsen"}, {"from": "Ronald Daughtridge", "to": "Donna Godbolt"}, {"from": "Ronald Daughtridge", "to": "Theresa Jones"}, {"from": "Ronald Daughtridge", "to": "Sharon Tan"}, {"from": "Ronald Daughtridge", "to": "John Pickens"}, {"from": "Ronald Daughtridge", "to": "Rachel Wesley"}, {"from": "Ronald Daughtridge", "to": "Patricia Hamby"}, {"from": "Ronald Daughtridge", "to": "Susan Alvarado"}, {"from": "Ronald Daughtridge", "to": "Judith Tran"}, {"from": "Ronald Daughtridge", "to": "John Pickens"}]}