{"details": [{"id": "Ronald Daughtridge", "group": "covid", "location": ["Knightsbridge", "Queensway Shopping Centre", "The Seletar Mall", "Greenwich V", "Eastpoint Mall", "Thomson Plaza", "Gek Poh Shopping Centre", "Jem", "Loyang Point"]}, {"id": "Jeremy Decker", "group": "covid", "location": ["Greenridge Shopping Centre", "Wisma Atria", "Hougang Mall", "Alexandra Retail Centre", "Sunshine Place", "Hougang Green Shopping Mall", "Lot One", "Alexandra Central", "Pioneer Mall", "Knightsbridge", "JCube", "Woodlands Mart", "Plaza Singapura", "Aperia"]}]}