{"rank": [{"mall": "100 AM", "covidCount": 1, "crowdCount": 5}, {"mall": "313@Somerset", "covidCount": 0, "crowdCount": 3}, {"mall": "321 Clementi", "covidCount": 0, "crowdCount": 4}, {"mall": "888 Plaza", "covidCount": 0, "crowdCount": 7}, {"mall": "Admiralty Place", "covidCount": 0, "crowdCount": 5}, {"mall": "Alexandra Central", "covidCount": 1, "crowdCount": 8}, {"mall": "Alexandra Retail Centre", "covidCount": 1, "crowdCount": 5}, {"mall": "AMK Hub", "covidCount": 2, "crowdCount": 3}, {"mall": "Anchorpoint", "covidCount": 1, "crowdCount": 3}, {"mall": "Aperia", "covidCount": 1, "crowdCount": 6}, {"mall": "Balestier Hill Shopping Centre", "covidCount": 0, "crowdCount": 2}, {"mall": "Beauty World Centre", "covidCount": 0, "crowdCount": 1}, {"mall": "Beauty World Plaza", "covidCount": 0, "crowdCount": 1}, {"mall": "Bedok Mall", "covidCount": 0, "crowdCount": 3}, {"mall": "Bedok Point", "covidCount": 0, "crowdCount": 3}, {"mall": "Big Box", "covidCount": 0, "crowdCount": 2}, {"mall": "Boon Lay Shopping Centre", "covidCount": 0, "crowdCount": 5}, {"mall": "Buangkok Square", "covidCount": 0, "crowdCount": 7}, {"mall": "Bugis Cube", "covidCount": 0, "crowdCount": 3}, {"mall": "Bugis Junction", "covidCount": 0, "crowdCount": 5}, {"mall": "Bugis+", "covidCount": 0, "crowdCount": 6}, {"mall": "Bukit Panjang Plaza", "covidCount": 0, "crowdCount": 3}, {"mall": "Bukit Timah Plaza", "covidCount": 0, "crowdCount": 5}, {"mall": "Canberra Plaza", "covidCount": 0, "crowdCount": 4}, {"mall": "Capitol Piazza", "covidCount": 0, "crowdCount": 6}, {"mall": "Cathay Cineleisure Orchard", "covidCount": 0, "crowdCount": 2}, {"mall": "Causeway Point", "covidCount": 0, "crowdCount": 4}, {"mall": "Century Square", "covidCount": 0, "crowdCount": 8}, {"mall": "Changi Airport", "covidCount": 0, "crowdCount": 2}, {"mall": "Changi City Point", "covidCount": 0, "crowdCount": 3}, {"mall": "City Gate Mall", "covidCount": 0, "crowdCount": 4}, {"mall": "City Plaza", "covidCount": 0, "crowdCount": 5}, {"mall": "City Square Mall", "covidCount": 0, "crowdCount": 2}, {"mall": "CityLink Mall", "covidCount": 1, "crowdCount": 4}, {"mall": "Clarke Quay Central", "covidCount": 0, "crowdCount": 7}, {"mall": "Compass One", "covidCount": 0, "crowdCount": 3}, {"mall": "Djitsun Mall", "covidCount": 0, "crowdCount": 4}, {"mall": "Djitsun Mall Bedok", "covidCount": 0, "crowdCount": 2}, {"mall": "Downtown East", "covidCount": 0, "crowdCount": 3}, {"mall": "East Village", "covidCount": 0, "crowdCount": 6}, {"mall": "Eastpoint Mall", "covidCount": 1, "crowdCount": 5}, {"mall": "Elias Mall", "covidCount": 0, "crowdCount": 5}, {"mall": "Fairprice Hub", "covidCount": 0, "crowdCount": 7}, {"mall": "Fajar Shopping Centre", "covidCount": 0, "crowdCount": 5}, {"mall": "Funan", "covidCount": 0, "crowdCount": 4}, {"mall": "Gek Poh Shopping Centre", "covidCount": 1, "crowdCount": 4}, {"mall": "Great World City", "covidCount": 0, "crowdCount": 4}, {"mall": "Greenridge Shopping Centre", "covidCount": 1, "crowdCount": 3}, {"mall": "Greenwich V", "covidCount": 1, "crowdCount": 4}, {"mall": "GR.ID", "covidCount": 0, "crowdCount": 3}, {"mall": "HarbourFront Centre", "covidCount": 0, "crowdCount": 2}, {"mall": "HDB Hub", "covidCount": 0, "crowdCount": 5}, {"mall": "Heartland Mall", "covidCount": 0, "crowdCount": 8}, {"mall": "Hillion Mall", "covidCount": 0, "crowdCount": 3}, {"mall": "HillV2", "covidCount": 0, "crowdCount": 4}, {"mall": "Hougang 1", "covidCount": 0, "crowdCount": 10}, {"mall": "Hougang Green Shopping Mall", "covidCount": 1, "crowdCount": 5}, {"mall": "Hougang Mall", "covidCount": 1, "crowdCount": 6}, {"mall": "i12 Katong", "covidCount": 0, "crowdCount": 5}, {"mall": "IMM", "covidCount": 0, "crowdCount": 3}, {"mall": "ION Orchard", "covidCount": 0, "crowdCount": 1}, {"mall": "JCube", "covidCount": 2, "crowdCount": 3}, {"mall": "Jem", "covidCount": 1, "crowdCount": 6}, {"mall": "Jewel Changi Airport", "covidCount": 0, "crowdCount": 1}, {"mall": "Jubilee Square", "covidCount": 0, "crowdCount": 3}, {"mall": "Junction 10", "covidCount": 0, "crowdCount": 3}, {"mall": "Junction 8", "covidCount": 0, "crowdCount": 3}, {"mall": "Junction 9", "covidCount": 0, "crowdCount": 3}, {"mall": "Jurong Point", "covidCount": 0, "crowdCount": 3}, {"mall": "Kallang Wave Mall", "covidCount": 0, "crowdCount": 6}, {"mall": "Katong Shopping Centre", "covidCount": 0, "crowdCount": 1}, {"mall": "Katong Square", "covidCount": 0, "crowdCount": 1}, {"mall": "Katong V", "covidCount": 1, "crowdCount": 4}, {"mall": "Keat Hong Shopping Centre", "covidCount": 0, "crowdCount": 3}, {"mall": "KINEX", "covidCount": 0, "crowdCount": 2}, {"mall": "Knightsbridge", "covidCount": 2, "crowdCount": 6}, {"mall": "Leisure Park Kallang", "covidCount": 0, "crowdCount": 3}, {"mall": "Liat Towers", "covidCount": 0, "crowdCount": 8}, {"mall": "Limbang Shopping Centre", "covidCount": 0, "crowdCount": 4}, {"mall": "Lot One", "covidCount": 1, "crowdCount": 3}, {"mall": "Loyang Point", "covidCount": 1, "crowdCount": 8}, {"mall": "Lucky Plaza", "covidCount": 0, "crowdCount": 3}, {"mall": "Marina Bay Financial Centre Tower 3", "covidCount": 0, "crowdCount": 3}, {"mall": "Marina Bay Link Mall", "covidCount": 0, "crowdCount": 2}, {"mall": "Marina Bay Sands", "covidCount": 0, "crowdCount": 1}, {"mall": "Marina One", "covidCount": 0, "crowdCount": 3}, {"mall": "Marina Square", "covidCount": 0, "crowdCount": 6}, {"mall": "Marsiling Mall", "covidCount": 0, "crowdCount": 8}, {"mall": "Midpoint Orchard", "covidCount": 0, "crowdCount": 3}, {"mall": "Millenia Walk", "covidCount": 0, "crowdCount": 5}, {"mall": "Mustafa Shopping Centre", "covidCount": 0, "crowdCount": 6}, {"mall": "myVillage At Serangoon Garden", "covidCount": 0, "crowdCount": 4}, {"mall": "NEX", "covidCount": 1, "crowdCount": 2}, {"mall": "Ngee Ann City", "covidCount": 0, "crowdCount": 5}, {"mall": "Northpoint City", "covidCount": 0, "crowdCount": 2}, {"mall": "Oasis Terraces", "covidCount": 0, "crowdCount": 2}, {"mall": "OD Mall", "covidCount": 0, "crowdCount": 7}, {"mall": "Orchard Central", "covidCount": 0, "crowdCount": 3}, {"mall": "Orchard Gateway", "covidCount": 0, "crowdCount": 2}, {"mall": "Orchard Plaza", "covidCount": 0, "crowdCount": 2}, {"mall": "Orchard Shopping Centre", "covidCount": 0, "crowdCount": 0}, {"mall": "Our Tampines Hub", "covidCount": 0, "crowdCount": 5}, {"mall": "Palais Renaissance", "covidCount": 0, "crowdCount": 5}, {"mall": "Paragon", "covidCount": 0, "crowdCount": 2}, {"mall": "Parkway Parade", "covidCount": 0, "crowdCount": 5}, {"mall": "Paya Lebar Quarter (PLQ)", "covidCount": 0, "crowdCount": 4}, {"mall": "People's Park Centre", "covidCount": 0, "crowdCount": 8}, {"mall": "People's Park Complex", "covidCount": 0, "crowdCount": 2}, {"mall": "Pioneer Mall", "covidCount": 1, "crowdCount": 4}, {"mall": "Plaza Singapura", "covidCount": 2, "crowdCount": 7}, {"mall": "Punggol Plaza", "covidCount": 0, "crowdCount": 3}, {"mall": "Queensway Shopping Centre", "covidCount": 1, "crowdCount": 6}, {"mall": "Raffles City", "covidCount": 0, "crowdCount": 4}, {"mall": "Rail Mall", "covidCount": 0, "crowdCount": 5}, {"mall": "Rivervale Mall", "covidCount": 0, "crowdCount": 5}, {"mall": "Rivervale Plaza", "covidCount": 1, "crowdCount": 8}, {"mall": "Rochester Mall", "covidCount": 1, "crowdCount": 4}, {"mall": "Roxy Square", "covidCount": 0, "crowdCount": 5}, {"mall": "Scotts Square", "covidCount": 0, "crowdCount": 3}, {"mall": "Sembawang Shopping Centre", "covidCount": 0, "crowdCount": 4}, {"mall": "Serangoon Plaza", "covidCount": 0, "crowdCount": 4}, {"mall": "Shaw House and Centre", "covidCount": 0, "crowdCount": 6}, {"mall": "Sim Lim Square", "covidCount": 0, "crowdCount": 2}, {"mall": "Singapore Post Centre (Singpost Centre)", "covidCount": 0, "crowdCount": 5}, {"mall": "Singapore Shopping Centre", "covidCount": 0, "crowdCount": 3}, {"mall": "Square 2", "covidCount": 0, "crowdCount": 3}, {"mall": "Sun Plaza", "covidCount": 0, "crowdCount": 4}, {"mall": "Sunshine Place", "covidCount": 1, "crowdCount": 2}, {"mall": "Sunshine Plaza", "covidCount": 0, "crowdCount": 2}, {"mall": "Suntec City", "covidCount": 0, "crowdCount": 6}, {"mall": "Taman Jurong Shopping Centre", "covidCount": 0, "crowdCount": 6}, {"mall": "Tampines 1", "covidCount": 0, "crowdCount": 2}, {"mall": "Tampines Mall", "covidCount": 0, "crowdCount": 4}, {"mall": "Tanglin Mall", "covidCount": 1, "crowdCount": 7}, {"mall": "Tang Plaza", "covidCount": 0, "crowdCount": 4}, {"mall": "Tanjong Pagar Centre", "covidCount": 0, "crowdCount": 2}, {"mall": "Teck Whye Shopping Centre", "covidCount": 0, "crowdCount": 7}, {"mall": "Tekka Centre", "covidCount": 0, "crowdCount": 2}, {"mall": "The Centrepoint", "covidCount": 0, "crowdCount": 6}, {"mall": "The Clementi Mall", "covidCount": 0, "crowdCount": 1}, {"mall": "The Flow", "covidCount": 0, "crowdCount": 4}, {"mall": "The Midtown", "covidCount": 0, "crowdCount": 6}, {"mall": "The Seletar Mall", "covidCount": 1, "crowdCount": 10}, {"mall": "The Shoppes at Marina Bay Sands", "covidCount": 0, "crowdCount": 7}, {"mall": "The Star Vista", "covidCount": 0, "crowdCount": 5}, {"mall": "Thomson Plaza", "covidCount": 1, "crowdCount": 4}, {"mall": "Tiong Bahru Plaza", "covidCount": 0, "crowdCount": 5}, {"mall": "United Square", "covidCount": 0, "crowdCount": 2}, {"mall": "Upper Serangoon Shopping Centre", "covidCount": 0, "crowdCount": 6}, {"mall": "Velocity@Novena Square", "covidCount": 0, "crowdCount": 2}, {"mall": "Vista Point", "covidCount": 0, "crowdCount": 2}, {"mall": "VivoCity", "covidCount": 1, "crowdCount": 4}, {"mall": "Waterway Point", "covidCount": 0, "crowdCount": 11}, {"mall": "West Coast Plaza", "covidCount": 0, "crowdCount": 2}, {"mall": "West Mall", "covidCount": 0, "crowdCount": 8}, {"mall": "Westgate", "covidCount": 0, "crowdCount": 5}, {"mall": "Wheelock Place", "covidCount": 0, "crowdCount": 3}, {"mall": "White Sands", "covidCount": 0, "crowdCount": 2}, {"mall": "Wisma Atria", "covidCount": 1, "crowdCount": 1}, {"mall": "Wisteria Mall", "covidCount": 0, "crowdCount": 7}, {"mall": "Woodlands Civic Centre", "covidCount": 0, "crowdCount": 4}, {"mall": "Woodlands Mart", "covidCount": 1, "crowdCount": 5}, {"mall": "Woodlands North Plaza", "covidCount": 0, "crowdCount": 2}, {"mall": "Yew Tee Point", "covidCount": 0, "crowdCount": 3}, {"mall": "Yew Tee Shopping Centre", "covidCount": 0, "crowdCount": 2}, {"mall": "Yew Tee Square", "covidCount": 0, "crowdCount": 3}, {"mall": "Zhongshan Mall", "covidCount": 0, "crowdCount": 5}], "chart": [{"mall": "100 AM", "covidCount": 1}, {"mall": "Alexandra Central", "covidCount": 1}, {"mall": "Alexandra Retail Centre", "covidCount": 1}, {"mall": "AMK Hub", "covidCount": 2}, {"mall": "Anchorpoint", "covidCount": 1}, {"mall": "Aperia", "covidCount": 1}, {"mall": "CityLink Mall", "covidCount": 1}, {"mall": "Eastpoint Mall", "covidCount": 1}, {"mall": "Gek Poh Shopping Centre", "covidCount": 1}, {"mall": "Greenridge Shopping Centre", "covidCount": 1}, {"mall": "Greenwich V", "covidCount": 1}, {"mall": "Hougang Green Shopping Mall", "covidCount": 1}, {"mall": "Hougang Mall", "covidCount": 1}, {"mall": "JCube", "covidCount": 2}, {"mall": "Jem", "covidCount": 1}, {"mall": "Katong V", "covidCount": 1}, {"mall": "Knightsbridge", "covidCount": 2}, {"mall": "Lot One", "covidCount": 1}, {"mall": "Loyang Point", "covidCount": 1}, {"mall": "NEX", "covidCount": 1}, {"mall": "Pioneer Mall", "covidCount": 1}, {"mall": "Plaza Singapura", "covidCount": 2}, {"mall": "Queensway Shopping Centre", "covidCount": 1}, {"mall": "Rivervale Plaza", "covidCount": 1}, {"mall": "Rochester Mall", "covidCount": 1}, {"mall": "Sunshine Place", "covidCount": 1}, {"mall": "Tanglin Mall", "covidCount": 1}, {"mall": "The Seletar Mall", "covidCount": 1}, {"mall": "Thomson Plaza", "covidCount": 1}, {"mall": "VivoCity", "covidCount": 1}, {"mall": "Wisma Atria", "covidCount": 1}, {"mall": "Woodlands Mart", "covidCount": 1}]}