{"info": [{"id": "Susan Alvarado", "phoneNum": 94256132, "group": "closeWarning", "location": ["Wisteria Mall", "West Coast Plaza", "Canberra Plaza", "Bukit Panjang Plaza", "Katong V", "Tanglin Mall", "West Coast Plaza", "Fairprice Hub", "OD Mall", "Our Tampines Hub", "Loyang Point"]}, {"id": "Anna Finch", "phoneNum": 80753577, "group": "locationWarning", "location": ["West Mall", "Eastpoint Mall", "Rivervale Plaza"]}, {"id": "Agnes Holzman", "phoneNum": 93143803, "group": "locationWarning", "location": ["Woodlands Civic Centre", "Roxy Square", "Knightsbridge"]}, {"id": "Larry Rowan", "phoneNum": 97669571, "group": "locationWarning", "location": ["Orchard Central", "The Midtown", "Buangkok Square", "Hougang Green Shopping Mall", "Buangkok Square", "Bugis Junction", "Greenridge Shopping Centre", "Causeway Point", "Tanglin Mall", "OD Mall", "Midpoint Orchard", "Mustafa Shopping Centre", "Jubilee Square"]}, {"id": "Gary Brady", "phoneNum": 90938765, "group": "closeWarning", "location": ["CityLink Mall", "AMK Hub", "100 AM", "Anchorpoint", "AMK Hub", "Tanglin Mall", "VivoCity", "Plaza Singapura", "NEX", "Katong V", "Rochester Mall", "Rivervale Plaza", "JCube"]}, {"id": "Robin Gutoski", "phoneNum": 91854378, "group": "locationWarning", "location": ["Hougang Green Shopping Mall", "The Shoppes at Marina Bay Sands", "Tanjong Pagar Centre"]}, {"id": "Ronald Daughtridge", "phoneNum": 85875145, "group": "covid", "location": ["Knightsbridge", "Queensway Shopping Centre", "The Seletar Mall", "Greenwich V", "Eastpoint Mall", "Thomson Plaza", "Gek Poh Shopping Centre", "Jem", "Loyang Point"]}, {"id": "Paula Smith", "phoneNum": 95886427, "group": "closeWarning", "location": ["The Centrepoint", "The Seletar Mall", "Sembawang Shopping Centre", "Rivervale Mall", "Yew Tee Point", "Clarke Quay Central", "The Shoppes at Marina Bay Sands", "Paya Lebar Quarter (PLQ)", "Rail Mall", "The Shoppes at Marina Bay Sands", "Alexandra Central"]}, {"id": "Marion Holiday", "phoneNum": 91561701, "group": "nothing", "location": ["Clarke Quay Central", "City Gate Mall", "Elias Mall"]}, {"id": "Suzanne Mcknight", "phoneNum": 88407531, "group": "locationWarning", "location": ["OD Mall", "Roxy Square", "Rivervale Mall", "100 AM", "West Mall", "Roxy Square", "City Plaza", "Fajar Shopping Centre", "Our Tampines Hub", "Waterway Point", "West Mall", "Rail Mall", "Djitsun Mall"]}, {"id": "Catherine Leonard", "phoneNum": 82523212, "group": "locationWarning", "location": ["Bugis+", "Causeway Point", "Hougang 1", "Beauty World Centre", "Marina One", "Alexandra Central", "West Mall", "People's Park Centre", "Scotts Square", "321 Clementi", "Taman Jurong Shopping Centre"]}, {"id": "John Pickens", "phoneNum": 93532747, "group": "closeWarning", "location": ["OD Mall", "Djitsun Mall", "Djitsun Mall", "City Square Mall", "People's Park Centre", "Admiralty Place", "Wheelock Place", "Jem", "Junction 8", "Tampines Mall", "Northpoint City", "Loyang Point"]}, {"id": "Michael Oconnor", "phoneNum": 82171506, "group": "nothing", "location": ["Rivervale Mall", "Lucky Plaza", "Yew Tee Square", "Admiralty Place"]}, {"id": "Michael Aponte", "phoneNum": 83581322, "group": "locationWarning", "location": ["Capitol Piazza", "Aperia", "Downtown East", "Ngee Ann City"]}, {"id": "James Potter", "phoneNum": 80895645, "group": "nothing", "location": ["Kallang Wave Mall", "Boon Lay Shopping Centre", "Punggol Plaza"]}, {"id": "Janet Hall", "phoneNum": 96265199, "group": "locationWarning", "location": ["Cathay Cineleisure Orchard", "Buangkok Square", "Shaw House and Centre", "Plaza Singapura", "Shaw House and Centre", "Junction 10"]}, {"id": "Cynthia Warren", "phoneNum": 87748251, "group": "locationWarning", "location": ["888 Plaza", "West Coast Plaza", "Shaw House and Centre", "Rail Mall", "The Flow", "Yew Tee Point", "Alexandra Retail Centre", "Sun Plaza"]}, {"id": "Alice Appel", "phoneNum": 85050107, "group": "locationWarning", "location": ["Junction 9", "Bugis+", "Hougang Mall"]}, {"id": "Tammie Young", "phoneNum": 94802157, "group": "locationWarning", "location": ["Serangoon Plaza", "East Village", "Alexandra Central"]}, {"id": "Bonnie Krueger", "phoneNum": 97569985, "group": "closeWarning", "location": ["Buangkok Square", "Singapore Post Centre (Singpost Centre)", "Millenia Walk", "Teck Whye Shopping Centre", "Buangkok Square", "Rochester Mall", "The Midtown", "Plaza Singapura", "The Midtown", "Shaw House and Centre", "321 Clementi"]}, {"id": "Rebecca Glenn", "phoneNum": 98749635, "group": "nothing", "location": ["Marsiling Mall"]}, {"id": "Kristine Brackett", "phoneNum": 98131690, "group": "nothing", "location": ["Suntec City", "Orchard Central", "Great World City", "Roxy Square", "Upper Serangoon Shopping Centre"]}, {"id": "Dana Dicarlo", "phoneNum": 92891719, "group": "nothing", "location": ["Woodlands North Plaza"]}, {"id": "Derrick Pugmire", "phoneNum": 86600377, "group": "closeWarning", "location": ["Plaza Singapura", "The Midtown", "Taman Jurong Shopping Centre", "The Shoppes at Marina Bay Sands", "Hougang 1", "myVillage At Serangoon Garden", "Compass One", "Knightsbridge"]}, {"id": "Darrell Irish", "phoneNum": 99996272, "group": "locationWarning", "location": ["ION Orchard", "Knightsbridge", "Rivervale Plaza"]}, {"id": "Anthony Wiederwax", "phoneNum": 99777819, "group": "locationWarning", "location": ["Plaza Singapura", "Marina Bay Link Mall", "Clarke Quay Central", "People's Park Complex", "Paya Lebar Quarter (PLQ)", "Zhongshan Mall", "Waterway Point", "Tang Plaza", "Yew Tee Point", "Clarke Quay Central", "Heartland Mall", "Zhongshan Mall", "Century Square"]}, {"id": "Kent Berrios", "phoneNum": 86863610, "group": "locationWarning", "location": ["Singapore Post Centre (Singpost Centre)", "Limbang Shopping Centre", "Suntec City", "Paragon", "Wisteria Mall", "Palais Renaissance", "Woodlands Mart", "People's Park Centre", "Singapore Shopping Centre"]}, {"id": "Donna Montpas", "phoneNum": 85068602, "group": "nothing", "location": ["Waterway Point", "Marina Bay Link Mall"]}, {"id": "Reginald Cline", "phoneNum": 96209067, "group": "locationWarning", "location": ["Upper Serangoon Shopping Centre", "Bedok Mall", "KINEX", "Millenia Walk", "Velocity@Novena Square", "Queensway Shopping Centre"]}, {"id": "Melissa Runnels", "phoneNum": 87353372, "group": "closeWarning", "location": ["Oasis Terraces", "Mustafa Shopping Centre", "Heartland Mall", "The Shoppes at Marina Bay Sands", "Hougang Mall", "Hougang 1", "Lot One", "Singapore Shopping Centre", "Palais Renaissance", "888 Plaza", "The Shoppes at Marina Bay Sands", "Liat Towers"]}, {"id": "Beatriz Hoefer", "phoneNum": 92379407, "group": "nothing", "location": ["Fairprice Hub", "Tang Plaza", "People's Park Centre", "i12 Katong", "Katong Square", "KINEX", "Liat Towers", "Orchard Gateway", "Ngee Ann City"]}, {"id": "Robert Davis", "phoneNum": 91138461, "group": "locationWarning", "location": ["Loyang Point", "313@Somerset", "Fairprice Hub"]}, {"id": "Reginald Berry", "phoneNum": 96894097, "group": "locationWarning", "location": ["Waterway Point", "Tanglin Mall", "City Gate Mall", "Century Square", "Djitsun Mall", "Aperia", "Junction 10", "Hougang 1", "The Shoppes at Marina Bay Sands", "Raffles City", "The Star Vista", "City Gate Mall"]}, {"id": "Carol Mcbride", "phoneNum": 81189042, "group": "locationWarning", "location": ["People's Park Centre", "HDB Hub", "Changi City Point", "Heartland Mall", "Teck Whye Shopping Centre", "Paya Lebar Quarter (PLQ)", "Tiong Bahru Plaza", "Mustafa Shopping Centre", "Parkway Parade", "The Seletar Mall", "Alexandra Retail Centre", "Tiong Bahru Plaza"]}, {"id": "Michael Grant", "phoneNum": 83534491, "group": "nothing", "location": ["Leisure Park Kallang", "Bukit Timah Plaza", "OD Mall", "Junction 8", "Marina Square", "Elias Mall", "Clarke Quay Central", "HDB Hub", "Waterway Point", "Liat Towers"]}, {"id": "Peggy Furrow", "phoneNum": 85480311, "group": "closeWarning", "location": ["CityLink Mall", "Parkway Parade", "Taman Jurong Shopping Centre", "Century Square", "100 AM", "Westgate", "Waterway Point", "Rivervale Mall", "Buangkok Square", "City Plaza"]}, {"id": "Christopher Grogan", "phoneNum": 93594894, "group": "locationWarning", "location": ["The Centrepoint", "Gek Poh Shopping Centre", "Marsiling Mall", "Keat Hong Shopping Centre", "Century Square", "Limbang Shopping Centre", "Hougang 1"]}, {"id": "Susan Pacheco", "phoneNum": 94554914, "group": "locationWarning", "location": ["Loyang Point", "Rail Mall", "Heartland Mall", "Capitol Piazza", "Teck Whye Shopping Centre", "Gek Poh Shopping Centre", "Wisteria Mall", "Great World City"]}, {"id": "Charles Adkins", "phoneNum": 96238770, "group": "nothing", "location": ["Beauty World Plaza", "Jubilee Square", "Sim Lim Square"]}, {"id": "Cierra Terry", "phoneNum": 85166220, "group": "nothing", "location": ["People's Park Centre"]}, {"id": "Rae Williams", "phoneNum": 97374579, "group": "locationWarning", "location": ["Yew Tee Shopping Centre", "The Star Vista", "Keat Hong Shopping Centre", "Pioneer Mall", "Kallang Wave Mall", "Sembawang Shopping Centre"]}, {"id": "Irene Smith", "phoneNum": 99412196, "group": "closeWarning", "location": ["Heartland Mall", "Wisteria Mall", "IMM", "Bukit Timah Plaza", "White Sands", "Plaza Singapura", "West Mall", "Ngee Ann City"]}, {"id": "Norma Thompson", "phoneNum": 88085220, "group": "closeWarning", "location": ["Raffles City", "Katong V", "The Flow", "Bugis+", "Bedok Point", "Bukit Timah Plaza", "Century Square", "Loyang Point", "Hougang Green Shopping Mall"]}, {"id": "Lillian Caldera", "phoneNum": 82093187, "group": "locationWarning", "location": ["Marsiling Mall", "The Seletar Mall", "Tiong Bahru Plaza", "The Shoppes at Marina Bay Sands", "Kallang Wave Mall"]}, {"id": "Jeremy Decker", "phoneNum": 82250732, "group": "covid", "location": ["Greenridge Shopping Centre", "Wisma Atria", "Hougang Mall", "Alexandra Retail Centre", "Sunshine Place", "Hougang Green Shopping Mall", "Lot One", "Alexandra Central", "Pioneer Mall", "Knightsbridge", "JCube", "Woodlands Mart", "Plaza Singapura", "Aperia"]}, {"id": "James Murphy", "phoneNum": 98246222, "group": "nothing", "location": ["Marsiling Mall"]}, {"id": "Jean Watkins", "phoneNum": 82788687, "group": "locationWarning", "location": ["East Village", "VivoCity", "Tanglin Mall", "Teck Whye Shopping Centre", "888 Plaza", "Marina One", "Vista Point"]}, {"id": "Cruz Nilsen", "phoneNum": 97296060, "group": "closeWarning", "location": ["Upper Serangoon Shopping Centre", "The Centrepoint", "United Square", "Eastpoint Mall", "Capitol Piazza", "Tekka Centre", "Buangkok Square", "The Seletar Mall", "Canberra Plaza"]}, {"id": "Jose Butler", "phoneNum": 90592880, "group": "nothing", "location": ["HillV2", "Fairprice Hub", "Marina Bay Financial Centre Tower 3", "Keat Hong Shopping Centre", "Fairprice Hub"]}, {"id": "Wilton Parker", "phoneNum": 99907751, "group": "locationWarning", "location": ["Upper Serangoon Shopping Centre", "Fajar Shopping Centre", "Marina Bay Financial Centre Tower 3", "Queensway Shopping Centre", "Bedok Mall", "Hougang Mall", "Tampines Mall", "Parkway Parade", "Canberra Plaza", "Tiong Bahru Plaza"]}, {"id": "Imogene Osgood", "phoneNum": 80607364, "group": "locationWarning", "location": ["Our Tampines Hub", "Yew Tee Shopping Centre", "City Gate Mall", "VivoCity", "AMK Hub", "Orchard Gateway", "Bugis Junction"]}, {"id": "Richard Comstock", "phoneNum": 91216509, "group": "nothing", "location": ["Teck Whye Shopping Centre", "Century Square", "Woodlands Civic Centre", "East Village", "City Plaza"]}, {"id": "Patricia Hamby", "phoneNum": 85618346, "group": "closeWarning", "location": ["Rochester Mall", "Junction 10", "Capitol Piazza", "Boon Lay Shopping Centre", "Capitol Piazza", "Alexandra Retail Centre", "Jem", "HillV2", "Clarke Quay Central", "Tang Plaza"]}, {"id": "Lisa Hinson", "phoneNum": 99710369, "group": "closeWarning", "location": ["Limbang Shopping Centre", "Suntec City", "Century Square", "Alexandra Retail Centre", "Square 2", "Liat Towers", "The Star Vista", "Hougang 1", "Woodlands Mart", "Great World City", "Causeway Point", "Cathay Cineleisure Orchard", "Tampines Mall", "Kallang Wave Mall"]}, {"id": "David Wood", "phoneNum": 84670872, "group": "closeWarning", "location": ["Lucky Plaza", "IMM", "myVillage At Serangoon Garden", "Taman Jurong Shopping Centre", "Sun Plaza", "Lot One", "The Centrepoint", "JCube"]}, {"id": "Gary Morris", "phoneNum": 94289308, "group": "locationWarning", "location": ["Changi City Point", "Suntec City", "Junction 9", "Heartland Mall", "Thomson Plaza", "Pioneer Mall", "100 AM", "Jurong Point", "Balestier Hill Shopping Centre", "Hougang Mall"]}, {"id": "Joseph Skimehorn", "phoneNum": 95776265, "group": "locationWarning", "location": ["Queensway Shopping Centre"]}, {"id": "Jessica Duttry", "phoneNum": 86903907, "group": "nothing", "location": ["People's Park Centre", "HillV2"]}, {"id": "Long Dever", "phoneNum": 94073635, "group": "locationWarning", "location": ["Midpoint Orchard", "AMK Hub", "Our Tampines Hub", "Oasis Terraces", "Upper Serangoon Shopping Centre", "Greenwich V", "Taman Jurong Shopping Centre", "Marsiling Mall", "Marina Bay Financial Centre Tower 3", "HDB Hub", "Paragon", "East Village", "GR.ID"]}, {"id": "Johnny Robison", "phoneNum": 87905237, "group": "nothing", "location": ["The Midtown", "Orchard Plaza"]}, {"id": "William Garcia", "phoneNum": 93693393, "group": "nothing", "location": ["The Clementi Mall", "East Village", "Kallang Wave Mall", "Shaw House and Centre", "Downtown East", "OD Mall"]}, {"id": "Andre Golden", "phoneNum": 99013236, "group": "closeWarning", "location": ["Boon Lay Shopping Centre", "The Star Vista", "HillV2", "Fajar Shopping Centre", "Parkway Parade", "Funan", "Admiralty Place", "Waterway Point", "Alexandra Central", "East Village", "Fajar Shopping Centre"]}, {"id": "Brandon Fox", "phoneNum": 98432580, "group": "closeWarning", "location": ["Knightsbridge", "Scotts Square", "Aperia", "The Midtown", "Teck Whye Shopping Centre", "Hougang 1", "People's Park Complex", "Hougang Mall", "Admiralty Place", "Marsiling Mall", "Elias Mall"]}, {"id": "Dale Dobson", "phoneNum": 97809381, "group": "nothing", "location": ["Djitsun Mall Bedok", "Leisure Park Kallang", "Century Square", "HDB Hub", "888 Plaza", "Changi Airport", "Serangoon Plaza", "Limbang Shopping Centre"]}, {"id": "Janice Roberts", "phoneNum": 98360861, "group": "nothing", "location": ["Waterway Point", "Midpoint Orchard", "Wheelock Place"]}, {"id": "Judith Tran", "phoneNum": 84364305, "group": "closeWarning", "location": ["321 Clementi", "Rochester Mall", "Roxy Square", "Marina Bay Sands", "NEX", "Upper Serangoon Shopping Centre", "Bukit Timah Plaza", "Our Tampines Hub", "Taman Jurong Shopping Centre", "Hillion Mall", "Millenia Walk", "Mustafa Shopping Centre", "Heartland Mall", "Loyang Point"]}, {"id": "Theresa Jones", "phoneNum": 86522390, "group": "closeWarning", "location": ["HarbourFront Centre", "Sunshine Plaza", "Tekka Centre", "Sembawang Shopping Centre", "Millenia Walk", "Jem", "Tang Plaza", "Tampines 1", "Elias Mall", "Balestier Hill Shopping Centre", "CityLink Mall", "CityLink Mall"]}, {"id": "Matthew Cox", "phoneNum": 85734690, "group": "nothing", "location": ["313@Somerset", "Clarke Quay Central", "Kallang Wave Mall", "Raffles City", "Jewel Changi Airport", "Millenia Walk"]}, {"id": "Sharon Tan", "phoneNum": 96426202, "group": "closeWarning", "location": ["Loyang Point", "Wisteria Mall", "Djitsun Mall Bedok", "Great World City", "Katong V", "Marina One", "100 AM", "Northpoint City", "Capitol Piazza", "Bukit Panjang Plaza", "Jem", "HDB Hub", "The Midtown", "Rail Mall"]}, {"id": "Betty Takaki", "phoneNum": 99355197, "group": "closeWarning", "location": ["Ngee Ann City", "Fairprice Hub", "The Seletar Mall", "888 Plaza", "Aperia", "Punggol Plaza", "Waterway Point", "Scotts Square", "Westgate", "Aperia", "Teck Whye Shopping Centre", "Bugis Junction"]}, {"id": "Sherwood Jordan", "phoneNum": 99764933, "group": "nothing", "location": ["Shaw House and Centre", "Singapore Shopping Centre"]}, {"id": "Rene Mangan", "phoneNum": 83463931, "group": "closeWarning", "location": ["Capitol Piazza", "Greenwich V", "Changi City Point", "Zhongshan Mall", "West Mall", "Yew Tee Square", "Funan", "Rivervale Plaza"]}, {"id": "Joshua Quon", "phoneNum": 97885345, "group": "locationWarning", "location": ["Admiralty Place", "Waterway Point", "myVillage At Serangoon Garden", "Zhongshan Mall", "The Seletar Mall", "Sembawang Shopping Centre"]}, {"id": "George Sumner", "phoneNum": 94962455, "group": "locationWarning", "location": ["Marina Square", "Woodlands Mart", "Fajar Shopping Centre"]}, {"id": "Bette Manning", "phoneNum": 93228175, "group": "nothing", "location": ["Zhongshan Mall", "Bugis Cube"]}, {"id": "Gerald Harris", "phoneNum": 95342073, "group": "locationWarning", "location": ["City Gate Mall", "Changi Airport", "Marsiling Mall", "Rivervale Plaza", "Bugis+", "Bugis Cube", "Rivervale Plaza", "313@Somerset", "888 Plaza"]}, {"id": "David Morris", "phoneNum": 83217970, "group": "locationWarning", "location": ["The Centrepoint", "Waterway Point", "White Sands", "VivoCity", "Funan", "Junction 9", "White Sands", "Elias Mall"]}, {"id": "Rachel Wesley", "phoneNum": 97633762, "group": "closeWarning", "location": ["Alexandra Central", "West Mall", "Boon Lay Shopping Centre", "Tanglin Mall", "Rivervale Plaza", "Downtown East", "Jem", "Bugis Junction", "Woodlands North Plaza", "i12 Katong", "Mustafa Shopping Centre"]}, {"id": "Donald Foster", "phoneNum": 82443346, "group": "locationWarning", "location": ["Hougang 1", "Marina Square", "Palais Renaissance", "Anchorpoint", "GR.ID", "West Mall"]}, {"id": "Robert Seamon", "phoneNum": 96243618, "group": "locationWarning", "location": ["myVillage At Serangoon Garden", "Rivervale Mall", "Palais Renaissance", "Alexandra Central", "United Square", "Orchard Central"]}, {"id": "Keri Sudduth", "phoneNum": 87911152, "group": "locationWarning", "location": ["Suntec City", "Tiong Bahru Plaza", "Thomson Plaza", "Compass One", "Square 2"]}, {"id": "Frank Fain", "phoneNum": 97968675, "group": "closeWarning", "location": ["Shaw House and Centre", "Singapore Post Centre (Singpost Centre)", "Tampines Mall", "321 Clementi", "People's Park Centre", "Marina Square", "Zhongshan Mall", "Bugis Cube", "Hougang Green Shopping Mall", "The Centrepoint", "Sun Plaza"]}, {"id": "Catherine Manus", "phoneNum": 95783494, "group": "nothing", "location": ["City Plaza"]}, {"id": "Steve Lovejoy", "phoneNum": 81526237, "group": "nothing", "location": ["Causeway Point"]}, {"id": "Stanley Nesbitt", "phoneNum": 84605642, "group": "locationWarning", "location": ["Liat Towers", "Woodlands Mart", "Sim Lim Square"]}, {"id": "Edward Maybury", "phoneNum": 89299640, "group": "locationWarning", "location": ["Wisteria Mall", "Gek Poh Shopping Centre", "Bugis+", "Compass One", "The Flow", "Greenridge Shopping Centre", "Westgate"]}, {"id": "Michael Clark", "phoneNum": 91006317, "group": "locationWarning", "location": ["Anchorpoint", "Alexandra Central"]}, {"id": "Linda Dominguez", "phoneNum": 97395460, "group": "locationWarning", "location": ["Woodlands Civic Centre", "CityLink Mall", "Ngee Ann City", "Marsiling Mall", "Fairprice Hub", "Tampines 1", "Orchard Plaza"]}, {"id": "James Campbell", "phoneNum": 98874564, "group": "nothing", "location": ["Jubilee Square", "Bukit Panjang Plaza", "Djitsun Mall", "Bedok Mall", "West Mall", "Fajar Shopping Centre", "i12 Katong", "i12 Katong", "Wheelock Place"]}, {"id": "John Wilson", "phoneNum": 80903175, "group": "nothing", "location": ["Junction 8", "Bedok Point", "Liat Towers", "GR.ID", "Hillion Mall", "Sunshine Plaza"]}, {"id": "Charles Mcwaters", "phoneNum": 91186320, "group": "nothing", "location": ["The Flow", "Westgate", "The Star Vista", "Serangoon Plaza", "Marina Square"]}, {"id": "Nichole Davis", "phoneNum": 98139887, "group": "closeWarning", "location": ["Tiong Bahru Plaza", "HarbourFront Centre", "The Seletar Mall", "Heartland Mall", "Liat Towers", "Bedok Point", "Eastpoint Mall", "Sun Plaza", "Katong Shopping Centre", "Velocity@Novena Square", "Sunshine Place", "Bukit Timah Plaza"]}, {"id": "Tommie Robinson", "phoneNum": 95761586, "group": "locationWarning", "location": ["Punggol Plaza", "Boon Lay Shopping Centre", "Eastpoint Mall", "Palais Renaissance", "The Seletar Mall", "Big Box", "Hougang 1"]}, {"id": "Alice Heming", "phoneNum": 98326315, "group": "locationWarning", "location": ["Hougang 1", "Queensway Shopping Centre", "Mustafa Shopping Centre", "Roxy Square", "Vista Point", "Funan", "City Square Mall", "Hillion Mall", "Yew Tee Square", "Big Box", "The Shoppes at Marina Bay Sands"]}, {"id": "Wayne Stott", "phoneNum": 90536364, "group": "nothing", "location": ["Tanjong Pagar Centre", "Wisteria Mall", "Suntec City", "Buangkok Square"]}, {"id": "Amber Vanness", "phoneNum": 99987280, "group": "closeWarning", "location": ["Canberra Plaza", "Parkway Parade", "Jurong Point", "Singapore Post Centre (Singpost Centre)", "IMM", "Westgate", "Serangoon Plaza", "Bugis+", "Pioneer Mall", "Aperia"]}, {"id": "Donna Godbolt", "phoneNum": 91308060, "group": "closeWarning", "location": ["Lucky Plaza", "OD Mall", "Rivervale Plaza", "Buangkok Square", "Jurong Point", "Thomson Plaza"]}, {"id": "Charles Murry", "phoneNum": 99199778, "group": "locationWarning", "location": ["Paya Lebar Quarter (PLQ)", "Liat Towers", "Leisure Park Kallang", "Raffles City", "Bugis Junction", "i12 Katong", "Queensway Shopping Centre", "Tanglin Mall", "Clarke Quay Central"]}, {"id": "Antonio Streb", "phoneNum": 99213158, "group": "nothing", "location": ["Square 2", "Singapore Post Centre (Singpost Centre)", "Marina Square"]}, {"id": "Lisa Collins", "phoneNum": 81685077, "group": "locationWarning", "location": ["Rivervale Plaza", "i12 Katong", "888 Plaza", "The Seletar Mall", "Greenwich V", "Woodlands Civic Centre", "Fairprice Hub", "City Plaza", "Rivervale Plaza"]}]}